{"position":{"x":-1.6700000762939454,"y":-22.10000228881836,"z":0.0}}