{"position":{"x":-1.0049999952316285,"y":-65.93599700927735,"z":0.0}}