{"position":{"x":-3.1571571826934816,"y":-8.877159118652344,"z":0.0}}