{"position":{"x":-0.7400000095367432,"y":-21.68000030517578,"z":0.0}}