{"position":{"x":-5.48199987411499,"y":-1.4600000381469727,"z":0.0}}