{"position":{"x":-6.810339450836182,"y":-45.311031341552737,"z":0.0}}