{"position":{"x":34.5328369140625,"y":-30.096572875976564,"z":0.0}}