{"position":{"x":14.770044326782227,"y":-16.273738861083986,"z":0.0}}