{"position":{"x":-15.139396667480469,"y":33.5504150390625,"z":0.0}}