{"position":{"x":-30.650001525878908,"y":53.72999572753906,"z":0.0}}