{"position":{"x":-30.801443099975587,"y":38.80633544921875,"z":0.0}}