{"position":{"x":29.512435913085939,"y":-34.171607971191409,"z":0.0}}