{"position":{"x":-4.191982269287109,"y":-9.059707641601563,"z":0.0}}