{"position":{"x":-0.6899999976158142,"y":-60.11000061035156,"z":0.0}}