{"position":{"x":-3.5553088188171388,"y":0.14570516347885133,"z":0.0}}