{"position":{"x":-9.676580429077149,"y":16.547508239746095,"z":0.0}}