{"position":{"x":34.29999923706055,"y":-29.84000015258789,"z":0.0}}