{"position":{"x":-4.228000164031982,"y":-1.3860000371932984,"z":0.0}}