{"position":{"x":15.289999008178711,"y":-51.77000045776367,"z":0.0}}