{"position":{"x":-13.667562484741211,"y":-21.13288116455078,"z":0.0}}