{"position":{"x":22.1220760345459,"y":-52.85078430175781,"z":0.0}}