{"position":{"x":-1.8174381256103516,"y":-21.350980758666993,"z":0.0}}