{"position":{"x":-31.014205932617189,"y":42.65272521972656,"z":0.0}}