{"position":{"x":-31.0017032623291,"y":42.7277717590332,"z":0.0}}