{"position":{"x":-1.3852529525756837,"y":-21.77424430847168,"z":0.0}}