{"position":{"x":-3.7610695362091066,"y":0.28784823417663576,"z":0.0}}