{"position":{"x":-3.200000524520874,"y":-8.600000381469727,"z":0.0}}