{"position":{"x":-7.79534387588501,"y":-36.65808868408203,"z":0.0}}