{"position":{"x":-3.309999704360962,"y":-9.220006942749024,"z":0.0}}