{"position":{"x":-4.7693586349487309,"y":-1.3368674516677857,"z":0.0}}