{"position":{"x":-31.04778289794922,"y":42.54559326171875,"z":0.0}}