{"position":{"x":-1.2079999446868897,"y":-66.06099700927735,"z":0.0}}