{"position":{"x":-31.12977409362793,"y":42.48323059082031,"z":0.0}}