{"position":{"x":-1.0495402812957764,"y":-21.427228927612306,"z":0.0}}