{"position":{"x":29.83782958984375,"y":-34.3510627746582,"z":0.0}}