{"position":{"x":-31.166133880615236,"y":42.44598388671875,"z":0.0}}