{"position":{"x":13.47668743133545,"y":-60.033470153808597,"z":0.0}}