{"position":{"x":2.5763132572174074,"y":-0.8185193538665772,"z":0.0}}