{"position":{"x":-30.709999084472658,"y":55.150001525878909,"z":0.0}}