{"position":{"x":-9.521395683288575,"y":16.474483489990236,"z":0.0}}