{"position":{"x":-31.260738372802736,"y":42.378623962402347,"z":0.0}}