{"position":{"x":-3.2799999713897707,"y":-9.350000381469727,"z":0.0}}