{"position":{"x":-28.571300506591798,"y":17.596355438232423,"z":0.0}}