{"position":{"x":-3.3299994468688967,"y":-8.879135131835938,"z":0.0}}