{"position":{"x":-3.2799999713897707,"y":-9.4399995803833,"z":0.0}}