{"position":{"x":-2.1089999675750734,"y":-66.00599670410156,"z":0.0}}