{"position":{"x":25.173709869384767,"y":-31.789384841918947,"z":0.0}}