{"position":{"x":-25.60000228881836,"y":42.666709899902347,"z":0.0}}