{"position":{"x":-3.0514976978302,"y":-0.2850522994995117,"z":0.0}}