{"position":{"x":-9.241292953491211,"y":-41.06432342529297,"z":0.0}}