{"position":{"x":15.800000190734864,"y":-52.20000076293945,"z":0.0}}