{"position":{"x":-8.533333778381348,"y":-4.300001621246338,"z":0.0}}