{"position":{"x":-3.4237027168273927,"y":-9.09546947479248,"z":0.0}}