{"position":{"x":-28.608991622924806,"y":37.80695343017578,"z":0.0}}