{"position":{"x":-15.604748725891114,"y":28.840951919555665,"z":0.0}}