{"position":{"x":-3.359999895095825,"y":-8.550000190734864,"z":0.0}}