{"position":{"x":4.986942291259766,"y":0.8742828369140625,"z":0.0}}