{"position":{"x":-3.8249003887176515,"y":-2.796337127685547,"z":0.0}}