{"position":{"x":-12.431201934814454,"y":33.20088195800781,"z":0.0}}