{"position":{"x":-1.902999997138977,"y":-21.611000061035158,"z":0.0}}