{"position":{"x":-25.600000381469728,"y":8.533337593078614,"z":0.0}}