{"position":{"x":28.871601104736329,"y":-35.04103469848633,"z":0.0}}