{"position":{"x":-2.1544315814971926,"y":-66.28543090820313,"z":0.0}}