{"position":{"x":10.64525318145752,"y":-12.072726249694825,"z":0.0}}