{"position":{"x":34.77265930175781,"y":-30.03589630126953,"z":0.0}}