{"position":{"x":-24.50339698791504,"y":38.04050827026367,"z":0.0}}