{"position":{"x":-4.2848801612854,"y":-0.566340446472168,"z":0.0}}