{"position":{"x":-3.359999895095825,"y":-8.550004005432129,"z":0.0}}