{"position":{"x":-6.294118881225586,"y":9.547727584838868,"z":0.0}}