{"position":{"x":-1.309999942779541,"y":-22.940000534057618,"z":0.0}}