{"position":{"x":-30.69318389892578,"y":41.126380920410159,"z":0.0}}