{"position":{"x":-30.700000762939454,"y":54.400001525878909,"z":0.0}}