{"position":{"x":-2.8112380504608156,"y":-9.018013954162598,"z":-0.2666638195514679}}