{"position":{"x":-1.2744920253753663,"y":-21.459562301635743,"z":0.0}}