{"position":{"x":4.41397762298584,"y":-61.34075927734375,"z":0.0}}