{"position":{"x":-29.676414489746095,"y":42.16624450683594,"z":0.0}}