{"position":{"x":18.1575927734375,"y":-47.20603942871094,"z":0.0}}