{"position":{"x":-14.34414291381836,"y":-20.532928466796876,"z":0.0}}