{"position":{"x":33.83000183105469,"y":-30.809999465942384,"z":0.0}}