{"position":{"x":-31.850923538208009,"y":41.82660675048828,"z":0.0}}