{"position":{"x":-2.1700000762939455,"y":-66.28900146484375,"z":0.0}}