{"position":{"x":-0.5799999833106995,"y":-7.090000152587891,"z":0.0}}