{"position":{"x":41.40999984741211,"y":-37.869998931884769,"z":0.0}}