{"position":{"x":43.060001373291019,"y":-38.0099983215332,"z":0.0}}