{"position":{"x":42.060001373291019,"y":-37.27000045776367,"z":0.0}}