{"position":{"x":-30.5124454498291,"y":63.14191436767578,"z":0.0}}