{"position":{"x":-1.2699999809265137,"y":-8.739999771118164,"z":0.0}}