{"position":{"x":38.439998626708987,"y":-35.66999816894531,"z":0.0}}
